seedbank_density,average_plantcover,season,site
1686.335041,27.42307692,Fall,big_jump1
1080.838902,26.96153846,Fall,big_jump2
441.3897088,50.19230769,Fall,big_jump3
22.63536968,0.9615384615,Fall,leopold_knob1
73.56495147,2.653846154,Fall,dotdougwade2
0,0,Fall,hook_larsonw1
0,0,Fall,east_heinkel2
0,0,Fall,east_heinkel3
1202.934579,26.53846154,Spring,big_jump1
710.1847239,25,Spring,big_jump2
1003.786525,38.84615385,Spring,big_jump3
11.31768484,3.846153846,Spring,leopold_knob1
5.658842421,1.192307692,Spring,dotdougwade2
31.12363332,1.442307692,Spring,dotdougwade3
130.1533757,15.15384615,Spring,bigjump_4
50.92958179,5.538461538,Spring,bigjump_5
0,0,Spring,hook_larsonw1
0,0,Spring,east_heinkel2
0,0,Spring,east_heinkel3