Season,Invasion,Seedbank
sp25,High,0
sp25,High,509.2958179
sp25,High,1018.591636
sp25,High,0
sp25,High,1527.887454
sp25,High,1018.591636
sp25,High,1782.535363
sp25,High,3819.718634
sp25,High,2801.126998
sp25,High,0
sp25,High,509.2958179
sp25,High,2291.831181
sp25,High,0
sp25,High,0
sp25,High,254.6479089
sp25,High,2801.126998
sp25,High,2037.183272
sp25,High,254.6479089
sp25,High,0
sp25,High,4074.366543
sp25,High,3055.774907
sp25,High,254.6479089
sp25,High,0
sp25,High,763.9437268
sp25,High,254.6479089
sp25,High,1018.591636
sp25,High,254.6479089
sp25,High,2546.479089
sp25,High,0
sp25,High,763.9437268
sp25,High,0
sp25,High,254.6479089
sp25,High,254.6479089
sp25,High,254.6479089
sp25,High,4074.366543
sp25,High,1273.239545
sp25,High,763.9437268
sp25,High,0
sp25,High,1273.239545
sp25,High,1782.535363
sp25,High,509.2958179
sp25,High,509.2958179
sp25,High,763.9437268
sp25,High,254.6479089
sp25,High,3055.774907
sp25,High,254.6479089
sp25,High,1018.591636
sp25,High,509.2958179
sp25,High,2546.479089
sp25,High,0
sp25,High,0
sp25,High,254.6479089
sp25,High,763.9437268
sp25,High,254.6479089
sp25,High,1273.239545
sp25,High,1273.239545
sp25,High,763.9437268
sp25,High,763.9437268
sp25,High,254.6479089
sp25,High,509.2958179
sp25,High,509.2958179
sp25,High,1018.591636
sp25,High,0
sp25,High,0
sp25,High,254.6479089
sp25,High,254.6479089
sp25,High,254.6479089
sp25,High,1273.239545
sp25,High,254.6479089
sp25,High,1018.591636
sp25,High,763.9437268
sp25,High,509.2958179
sp25,High,0
sp25,High,509.2958179
sp25,High,1782.535363
sp25,High,254.6479089
sp25,High,254.6479089
sp25,High,0
sp25,High,254.6479089
sp25,High,1273.239545
sp25,High,1273.239545
sp25,High,509.2958179
sp25,High,509.2958179
sp25,High,0
sp25,High,509.2958179
sp25,High,1273.239545
sp25,High,254.6479089
sp25,High,509.2958179
sp25,High,254.6479089
sp25,High,509.2958179
sp25,High,509.2958179
sp25,High,0
sp25,High,4329.014452
sp25,High,1527.887454
sp25,High,1018.591636
sp25,High,1273.239545
sp25,High,3565.070725
sp25,High,2291.831181
sp25,High,1018.591636
sp25,High,4838.31027
sp25,High,1782.535363
sp25,High,2037.183272
sp25,High,4329.014452
sp25,High,254.6479089
sp25,High,763.9437268
sp25,High,509.2958179
sp25,High,2546.479089
sp25,High,3055.774907
sp25,High,1018.591636
sp25,High,763.9437268
sp25,High,254.6479089
sp25,High,3565.070725
sp25,High,2801.126998
sp25,High,2037.183272
sp25,High,4074.366543
sp25,High,3819.718634
sp25,High,1018.591636
sp25,High,763.9437268
sp25,High,763.9437268
sp25,High,509.2958179
sp25,High,763.9437268
sp25,High,1018.591636
sp25,High,1018.591636
sp25,High,254.6479089
sp25,High,509.2958179
sp25,High,2291.831181
sp25,High,254.6479089
sp25,High,763.9437268
sp25,High,254.6479089
sp25,High,254.6479089
sp25,High,509.2958179
sp25,High,1018.591636
sp25,High,1782.535363
sp25,High,254.6479089
sp25,High,254.6479089
sp26,High,509.2958179
sp26,High,1273.239545
sp26,High,509.2958179
sp26,High,2546.479089
sp26,High,1782.535363
sp26,High,763.9437268
sp26,High,1018.591636
sp26,High,1527.887454
sp26,High,3310.422816
sp26,High,509.2958179
sp26,High,1782.535363
sp26,High,509.2958179
sp26,High,2037.183272
sp26,High,2546.479089
sp26,High,509.2958179
sp26,High,763.9437268
sp26,High,1018.591636
sp26,High,763.9437268
sp26,High,1018.591636
sp26,High,509.2958179
sp26,High,1018.591636
sp26,High,1018.591636
sp26,High,254.6479089
sp26,High,509.2958179
sp26,High,763.9437268
sp26,High,1018.591636
sp26,High,509.2958179
sp26,High,1782.535363
sp26,High,763.9437268
sp26,High,254.6479089
sp26,High,254.6479089
sp26,High,509.2958179
sp26,High,254.6479089
sp26,High,1018.591636
sp26,High,254.6479089
sp26,High,0
sp26,High,0
sp26,High,763.9437268
sp26,High,509.2958179
sp26,High,509.2958179
sp26,High,1527.887454
sp26,High,1018.591636
sp26,High,763.9437268
sp26,High,254.6479089
sp26,High,509.2958179
sp26,High,1273.239545
sp26,High,1527.887454
sp26,High,0
sp26,High,0
sp26,High,3565.070725
sp26,High,763.9437268
sp26,High,1018.591636
sp26,High,1273.239545
sp26,High,1273.239545
sp26,High,763.9437268
sp26,High,763.9437268
sp26,High,763.9437268
sp26,High,509.2958179
sp26,High,1782.535363
sp26,High,509.2958179
sp26,High,1273.239545
sp26,High,509.2958179
sp26,High,2037.183272
sp26,High,1018.591636
sp26,High,509.2958179
sp26,High,1018.591636
sp26,High,254.6479089
sp26,High,2546.479089
sp26,High,509.2958179
sp26,High,254.6479089
sp26,High,254.6479089
sp26,High,0
sp26,High,254.6479089
sp26,High,509.2958179
sp26,High,0
sp26,High,1782.535363
sp26,High,0
sp26,High,0
sp26,High,763.9437268
sp26,High,509.2958179
sp26,High,509.2958179
sp26,High,1527.887454
sp26,High,509.2958179
sp26,High,763.9437268
sp26,High,254.6479089
sp26,High,509.2958179
sp26,High,1527.887454
sp26,High,254.6479089
sp26,High,1273.239545
sp26,High,763.9437268
sp26,High,763.9437268
sp26,High,1018.591636
sp26,High,1527.887454
sp26,High,2037.183272
sp26,High,0
sp26,High,1273.239545
sp26,High,1018.591636
sp26,High,763.9437268
sp26,High,1018.591636
sp26,High,1273.239545
sp26,High,763.9437268
sp26,High,254.6479089
sp26,High,2037.183272
sp26,High,1018.591636
sp26,High,1273.239545
sp26,High,1018.591636
sp26,High,509.2958179
sp26,High,763.9437268
sp26,High,0
sp26,High,0
sp26,High,763.9437268
sp26,High,509.2958179
sp26,High,254.6479089
sp26,High,763.9437268
sp26,High,509.2958179
sp26,High,1018.591636
sp26,High,254.6479089
sp26,High,763.9437268
sp26,High,763.9437268
sp26,High,509.2958179
sp26,High,1018.591636
sp26,High,1527.887454
sp26,High,1273.239545
sp26,High,1273.239545
sp26,High,1782.535363
sp26,High,763.9437268
sp26,High,254.6479089
sp26,High,2037.183272
sp26,High,1782.535363
sp26,High,2037.183272
sp26,High,254.6479089
sp26,High,254.6479089
sp26,High,254.6479089
sp26,High,1018.591636
sp26,High,0
sp25,Low,0
sp25,Low,0
sp25,Low,0
sp25,Low,0
sp25,Low,0
sp25,Low,0
sp25,Low,0
sp25,Low,0
sp25,Low,0
sp25,Low,0
sp25,Low,0
sp25,Low,0
sp25,Low,0
sp25,Low,0
sp25,Low,0
sp25,Low,254.6479089
sp25,Low,0
sp25,Low,0
sp25,Low,0
sp25,Low,0
sp25,Low,0
sp25,Low,0
sp25,Low,0
sp25,Low,0
sp25,Low,0
sp25,Low,0
sp25,Low,0
sp25,Low,0
sp25,Low,0
sp25,Low,0
sp25,Low,0
sp25,Low,0
sp25,Low,0
sp25,Low,0
sp25,Low,0
sp25,Low,0
sp25,Low,0
sp25,Low,0
sp25,Low,0
sp25,Low,0
sp25,Low,0
sp25,Low,0
sp25,Low,0
sp25,Low,0
sp25,Low,0
sp25,Low,0
sp25,Low,0
sp25,Low,0
sp25,Low,0
sp25,Low,0
sp25,Low,0
sp25,Low,0
sp25,Low,0
sp25,Low,0
sp25,Low,0
sp25,Low,0
sp25,Low,509.2958179
sp25,Low,0
sp25,Low,0
sp25,Low,0
sp25,Low,0
sp25,Low,0
sp25,Low,0
sp25,Low,0
sp25,Low,0
sp25,Low,0
sp25,Low,0
sp25,Low,0
sp25,Low,0
sp25,Low,0
sp25,Low,0
sp25,Low,0
sp25,Low,0
sp25,Low,0
sp25,Low,0
sp25,Low,0
sp25,Low,0
sp25,Low,0
sp25,Low,0
sp25,Low,0
sp25,Low,0
sp25,Low,0
sp25,Low,0
sp25,Low,0
sp25,Low,0
sp25,Low,0
sp25,Low,0
sp25,Low,0
sp25,Low,0
sp25,Low,0
sp25,Low,0
sp25,Low,0
sp25,Low,763.9437268
sp25,Low,0
sp25,Low,0
sp25,Low,0
sp25,Low,0
sp25,Low,0
sp25,Low,0
sp25,Low,0
sp25,Low,0
sp25,Low,509.2958179
sp25,Low,0
sp25,Low,0
sp25,Low,0
sp25,Low,0
sp25,Low,0
sp25,Low,0
sp25,Low,0
sp25,Low,0
sp25,Low,0
sp25,Low,0
sp25,Low,0
sp25,Low,0
sp25,Low,0
sp25,Low,0
sp25,Low,0
sp25,Low,0
sp25,Low,0
sp25,Low,0
sp25,Low,0
sp25,Low,0
sp25,Low,0
sp25,Low,0
sp25,Low,0
sp25,Low,0
sp25,Low,0
sp25,Low,0
sp25,Low,0
sp25,Low,0
sp25,Low,0
sp25,Low,0
sp25,Low,0
sp25,Low,0
sp25,Low,0
sp26,Low,0
sp26,Low,509.2958179
sp26,Low,254.6479089
sp26,Low,0
sp26,Low,0
sp26,Low,254.6479089
sp26,Low,0
sp26,Low,0
sp26,Low,509.2958179
sp26,Low,0
sp26,Low,0
sp26,Low,0
sp26,Low,763.9437268
sp26,Low,509.2958179
sp26,Low,254.6479089
sp26,Low,0
sp26,Low,254.6479089
sp26,Low,254.6479089
sp26,Low,0
sp26,Low,0
sp26,Low,0
sp26,Low,0
sp26,Low,0
sp26,Low,0
sp26,Low,0
sp26,Low,0
sp26,Low,0
sp26,Low,0
sp26,Low,0
sp26,Low,0
sp26,Low,0
sp26,Low,0
sp26,Low,254.6479089
sp26,Low,254.6479089
sp26,Low,254.6479089
sp26,Low,0
sp26,Low,0
sp26,Low,0
sp26,Low,763.9437268
sp26,Low,0
sp26,Low,0
sp26,Low,254.6479089
sp26,Low,0
sp26,Low,0
sp26,Low,509.2958179
sp26,Low,0
sp26,Low,0
sp26,Low,0
sp26,Low,0
sp26,Low,0
sp26,Low,0
sp26,Low,0
sp26,Low,0
sp26,Low,0
sp26,Low,0
sp26,Low,0
sp26,Low,254.6479089
sp26,Low,254.6479089
sp26,Low,0
sp26,Low,0
sp26,Low,0
sp26,Low,0
sp26,Low,509.2958179
sp26,Low,0
sp26,Low,0
sp26,Low,0
sp26,Low,0
sp26,Low,0
sp26,Low,0
sp26,Low,0
sp26,Low,254.6479089
sp26,Low,254.6479089
sp26,Low,0
sp26,Low,0
sp26,Low,0
sp26,Low,0
sp26,Low,0
sp26,Low,0
sp26,Low,0
sp26,Low,0
sp26,Low,509.2958179
sp26,Low,0
sp26,Low,0
sp26,Low,0
sp26,Low,0
sp26,Low,0
sp26,Low,0
sp26,Low,0
sp26,Low,0
sp26,Low,254.6479089
sp26,Low,0
sp26,Low,0
sp26,Low,509.2958179
sp26,Low,0
sp26,Low,0
sp26,Low,0
sp26,Low,0
sp26,Low,0
sp26,Low,0
sp26,Low,254.6479089
sp26,Low,0
sp26,Low,0
sp26,Low,0
sp26,Low,0
sp26,Low,0
sp26,Low,0
sp26,Low,0
sp26,Low,254.6479089
sp26,Low,0
sp26,Low,0
sp26,Low,0
sp26,Low,0
sp26,Low,0
sp26,Low,0
sp26,Low,0
sp26,Low,0
sp26,Low,0
sp26,Low,0
sp26,Low,0
sp26,Low,0
sp26,Low,0
sp26,Low,509.2958179
sp26,Low,254.6479089
sp26,Low,0
sp26,Low,0
sp26,Low,0
sp26,Low,0
sp26,Low,0
sp26,Low,0
sp26,Low,254.6479089
sp26,Low,0
sp26,Low,254.6479089
sp26,Low,0
sp26,Low,0
sp26,Low,0
sp25,No,0
sp25,No,0
sp25,No,0
sp25,No,0
sp25,No,0
sp25,No,0
sp25,No,0
sp25,No,0
sp25,No,0
sp25,No,0
sp25,No,0
sp25,No,0
sp25,No,0
sp25,No,0
sp25,No,0
sp25,No,0
sp25,No,0
sp25,No,0
sp25,No,0
sp25,No,0
sp25,No,0
sp25,No,0
sp25,No,0
sp25,No,0
sp25,No,0
sp25,No,0
sp25,No,0
sp25,No,0
sp25,No,0
sp25,No,0
sp25,No,0
sp25,No,0
sp25,No,0
sp25,No,0
sp25,No,0
sp25,No,0
sp25,No,0
sp25,No,0
sp25,No,0
sp25,No,0
sp25,No,0
sp25,No,0
sp25,No,0
sp25,No,0
sp25,No,0
sp26,No,0
sp26,No,0
sp26,No,0
sp26,No,0
sp26,No,0
sp26,No,0
sp26,No,0
sp26,No,0
sp26,No,0
sp26,No,0
sp26,No,0
sp26,No,0
sp26,No,0
sp26,No,0
sp26,No,0
sp26,No,0
sp26,No,0
sp26,No,0
sp26,No,0
sp26,No,0
sp26,No,0
sp26,No,0
sp26,No,0
sp26,No,0
sp26,No,0
sp26,No,0
sp26,No,0
sp26,No,0
sp26,No,0
sp26,No,0
sp26,No,0
sp26,No,0
sp26,No,0
sp26,No,0
sp26,No,0
sp26,No,0
sp26,No,0
sp26,No,0
sp26,No,0
sp26,No,0
sp26,No,0
sp26,No,0
sp26,No,0
sp26,No,0
sp26,No,0