High_invasion_seedbank_density,Low_invasion_seedbank_density,No_invasion_seedbank_density
509.2958179,0,0
1273.239545,509.2958179,0
509.2958179,254.6479089,0
2546.479089,0,0
1782.535363,0,0
763.9437268,254.6479089,0
1018.591636,0,0
1527.887454,0,0
3310.422816,509.2958179,0
509.2958179,0,0
1782.535363,0,0
509.2958179,0,0
2037.183272,763.9437268,0
2546.479089,509.2958179,0
509.2958179,254.6479089,0
763.9437268,0,0
1018.591636,254.6479089,0
763.9437268,254.6479089,0
1018.591636,0,0
509.2958179,0,0
1018.591636,0,0
1018.591636,0,0
254.6479089,0,0
509.2958179,0,0
763.9437268,0,0
1018.591636,0,0
509.2958179,0,0
1782.535363,0,0
763.9437268,0,0
254.6479089,0,0
254.6479089,0,0
509.2958179,0,0
254.6479089,254.6479089,0
1018.591636,254.6479089,0
254.6479089,254.6479089,0
0,0,0
0,0,0
763.9437268,0,0
509.2958179,763.9437268,0
509.2958179,0,0
1527.887454,0,0
1018.591636,254.6479089,0
763.9437268,0,0
254.6479089,0,0
509.2958179,509.2958179,0
1273.239545,0,0
1527.887454,0,0
0,0,0
0,0,0
3565.070725,0,0
763.9437268,0,0
1018.591636,0,0
1273.239545,0,0
1273.239545,0,0
763.9437268,0,0
763.9437268,0,0
763.9437268,254.6479089,0
509.2958179,254.6479089,0
1782.535363,0,0
509.2958179,0,0
1273.239545,0,0
509.2958179,0,0
2037.183272,509.2958179,0
1018.591636,0,0
509.2958179,0,0
1018.591636,0,0
254.6479089,0,0
2546.479089,0,0
509.2958179,0,0
254.6479089,0,0
254.6479089,254.6479089,0
0,254.6479089,0
254.6479089,0,0
509.2958179,0,0
0,0,0
1782.535363,0,0
0,0,0
0,0,0
763.9437268,0,0
509.2958179,0,0
509.2958179,509.2958179,0
1527.887454,0,0
509.2958179,0,0
763.9437268,0,0
254.6479089,0,0
509.2958179,0,0
1527.887454,0,0
254.6479089,0,0
1273.239545,0,0
763.9437268,254.6479089,0
763.9437268,0,0
1018.591636,0,0
1527.887454,509.2958179,0
2037.183272,0,0
0,0,0
1273.239545,0,0
1018.591636,0,0
763.9437268,0,0
1018.591636,0,0
1273.239545,254.6479089,0
763.9437268,0,0
254.6479089,0,0
2037.183272,0,0
1018.591636,0,0
1273.239545,0,0
1018.591636,0,0
509.2958179,0,0
763.9437268,254.6479089,0
0,0,0
0,0,0
763.9437268,0,0
509.2958179,0,0
254.6479089,0,0
763.9437268,0,0
509.2958179,0,0
1018.591636,0,0
254.6479089,0,0
763.9437268,0,0
763.9437268,0,0
509.2958179,0,0
1018.591636,0,0
1527.887454,509.2958179,0
1273.239545,254.6479089,0
1273.239545,0,0
1782.535363,0,0
763.9437268,0,0
254.6479089,0,0
2037.183272,0,0
1782.535363,0,0
2037.183272,254.6479089,0
254.6479089,0,0
254.6479089,254.6479089,0
254.6479089,0,0
1018.591636,0,0
0,0,0