seedbankdensity,Invasion
763.9437268,high
2037.183272,high
1782.535363,high
3055.774907,high
2291.831181,high
763.9437268,high
3310.422816,high
1273.239545,high
2037.183272,high
2291.831181,high
2546.479089,high
1782.535363,high
509.2958179,high
3055.774907,high
2037.183272,high
1527.887454,high
254.6479089,high
1782.535363,high
1782.535363,high
1782.535363,high
1018.591636,high
1527.887454,high
254.6479089,high
1273.239545,high
0,high
0,high
1527.887454,high
1782.535363,high
763.9437268,high
509.2958179,high
2546.479089,high
3055.774907,high
3310.422816,high
1527.887454,high
3310.422816,high
509.2958179,high
1018.591636,high
1018.591636,high
2291.831181,high
2801.126998,high
1527.887454,high
4329.014452,high
2291.831181,high
763.9437268,high
254.6479089,high
0,high
1273.239545,high
1273.239545,high
254.6479089,high
2291.831181,high
1018.591636,high
763.9437268,high
0,high
254.6479089,high
1273.239545,high
0,high
2037.183272,high
254.6479089,high
509.2958179,high
3310.422816,high
763.9437268,high
1527.887454,high
254.6479089,high
254.6479089,high
763.9437268,high
1018.591636,high
2037.183272,high
1273.239545,high
509.2958179,high
0,high
1018.591636,high
1273.239545,high
509.2958179,high
2801.126998,high
763.9437268,high
1018.591636,high
2037.183272,high
2037.183272,high
3310.422816,high
0,high
1018.591636,high
763.9437268,high
254.6479089,high
1527.887454,high
509.2958179,high
509.2958179,high
2801.126998,high
1782.535363,high
1782.535363,high
0,high
254.6479089,high
0,high
509.2958179,high
0,high
254.6479089,high
0,high
509.2958179,high
0,high
763.9437268,high
0,high
0,high
509.2958179,high
763.9437268,high
509.2958179,high
763.9437268,high
763.9437268,high
763.9437268,high
509.2958179,high
0,high
1018.591636,high
763.9437268,high
0,high
0,high
254.6479089,high
0,high
1527.887454,high
254.6479089,high
0,high
509.2958179,high
0,high
509.2958179,high
1018.591636,high
0,high
254.6479089,high
763.9437268,high
0,high
0,high
763.9437268,high
763.9437268,high
763.9437268,high
1018.591636,high
509.2958179,high
1018.591636,high
509.2958179,high
763.9437268,high
0,low
0,low
0,low
0,low
0,low
254.6479089,low
0,low
0,low
0,low
0,low
0,low
0,low
0,low
0,low
0,low
0,low
0,low
0,low
0,low
0,low
0,low
0,low
0,low
0,low
0,low
0,low
0,low
0,low
0,low
0,low
0,low
254.6479089,low
0,low
509.2958179,low
0,low
0,low
0,low
0,low
0,low
0,low
0,low
0,low
0,low
0,low
0,low
0,low
0,low
0,low
763.9437268,low
0,low
0,low
0,low
0,low
0,low
0,low
254.6479089,low
0,low
0,low
0,low
0,low
0,low
0,low
0,low
0,low
254.6479089,low
254.6479089,low
254.6479089,low
0,low
0,low
0,low
0,low
0,low
509.2958179,low
0,low
254.6479089,low
0,low
0,low
0,low
0,low
0,low
0,low
0,low
0,low
0,low
0,low
0,low
0,low
254.6479089,low
0,low
509.2958179,low
0,no
0,no
0,no
0,no
0,no
0,no
0,no
0,no
0,no
0,no
0,no
0,no
0,no
0,no
0,no
0,no
0,no
0,no
0,no
0,no
0,no
0,no
0,no
0,no
0,no
0,no
0,no
0,no
0,no
0,no
0,no
0,no
0,no
0,no
0,no
0,no
0,no
0,no
0,no
0,no
0,no
0,no
0,no
0,no
0,no
0,no
0,no
0,no
0,no
0,no
0,no
0,no
0,no
0,no
0,no
0,no
0,no
0,no
0,no
0,no
0,no
0,no
0,no
0,no
0,no
0,no
0,no
0,no
0,no
0,no
0,no
0,no
0,no
0,no
0,no
0,no
0,no
0,no
0,no
0,no
0,no
0,no
0,no
0,no
0,no
0,no
0,no
0,no
0,no
0,no
0,no
0,no
0,no
0,no
0,no
0,no
0,no
0,no
0,no
0,no
0,no
0,no
0,no
0,no
0,no
0,no
0,no
0,no
0,no
0,no
0,no
0,no
0,no
0,no
0,no
0,no
0,no
0,no
0,no
0,no
0,no
0,no
0,no
0,no
0,no
0,no
0,no
0,no
0,no
0,no
0,no
0,no
0,no
0,no
0,no